bus,2,83409,83347,Balti jaam,7,Z
bus,66,83498,83400,Priisle,96,Z
bus,21,83541,83519,Balti jaam,139,Z
bus,8,83835,83779,Äigrumäe,433,Z
bus,3,84158,84120,Pelguranna,756,Z
bus,85,84197,84187,Balti jaam,795,Z
bus,41,84322,84282,Balti jaam,920,Z
bus,84,84360,84350,Balti jaam,958,Z
bus,2,84677,84667,Balti jaam,1275,Z
bus,21,84843,84779,Balti jaam,1441,Z
bus,8,84937,84937,Äigrumäe,1535,Z
bus,66,85020,85020,Priisle,1618,Z
bus,3,85200,85200,Pelguranna,1798,Z
bus,85,85261,85261,Balti jaam,1859,Z
bus,59,85379,85379,Balti jaam,1977,Z
bus,84,85430,85430,Balti jaam,2028,Z
bus,41,85584,85584,Balti jaam,2182,Z
bus,2,85933,85933,Balti jaam,2531,Z
bus,21,86039,86039,Balti jaam,2637,Z
bus,85,86341,86341,Balti jaam,2939,Z
bus,84,86630,86630,Balti jaam,3228,Z
bus,66,86700,86700,Priisle,3298,Z
bus,41,86741,86741,Balti jaam,3339,Z
bus,66,83498,83400,Priisle,81,Z
bus,21,83541,83519,Balti jaam,124,Z
bus,8,83835,83779,Äigrumäe,418,Z
bus,3,84158,84120,Pelguranna,741,Z
bus,85,84197,84187,Balti jaam,780,Z
bus,41,84322,84282,Balti jaam,905,Z
bus,84,84360,84350,Balti jaam,943,Z
bus,2,84677,84667,Balti jaam,1260,Z
bus,21,84843,84779,Balti jaam,1426,Z
bus,8,84937,84937,Äigrumäe,1520,Z
bus,66,85020,85020,Priisle,1603,Z
bus,3,85200,85200,Pelguranna,1783,Z
bus,85,85261,85261,Balti jaam,1844,Z
bus,59,85379,85379,Balti jaam,1962,Z
bus,84,85430,85430,Balti jaam,2013,Z
bus,41,85584,85584,Balti jaam,2167,Z
bus,2,85933,85933,Balti jaam,2516,Z
bus,21,86039,86039,Balti jaam,2622,Z
bus,85,86341,86341,Balti jaam,2924,Z
bus,84,86630,86630,Balti jaam,3213,Z
bus,66,86700,86700,Priisle,3283,Z
bus,41,86741,86741,Balti jaam,3324,Z
bus,66,83490,83400,Priisle,57,Z
bus,21,83577,83519,Balti jaam,144,Z
bus,8,83827,83779,Äigrumäe,394,Z
bus,3,84134,84120,Pelguranna,701,Z
bus,85,84197,84187,Balti jaam,764,Z
bus,41,84294,84282,Balti jaam,861,Z
bus,84,84360,84350,Balti jaam,927,Z
bus,2,84677,84667,Balti jaam,1244,Z
bus,21,84855,84779,Balti jaam,1422,Z
bus,8,84937,84937,Äigrumäe,1504,Z
bus,66,85020,85020,Priisle,1587,Z
bus,3,85200,85200,Pelguranna,1767,Z
bus,85,85261,85261,Balti jaam,1828,Z
bus,59,85379,85379,Balti jaam,1946,Z
bus,84,85430,85430,Balti jaam,1997,Z
bus,41,85584,85584,Balti jaam,2151,Z
bus,2,85933,85933,Balti jaam,2500,Z
bus,21,86039,86039,Balti jaam,2606,Z
bus,85,86341,86341,Balti jaam,2908,Z
bus,84,86630,86630,Balti jaam,3197,Z
bus,66,86700,86700,Priisle,3267,Z
bus,41,86741,86741,Balti jaam,3308,Z
bus,66,83482,83400,Priisle,34,Z
bus,21,83585,83519,Balti jaam,137,Z
bus,8,83823,83779,Äigrumäe,375,Z
bus,3,84130,84120,Pelguranna,682,Z
bus,85,84197,84187,Balti jaam,749,Z
bus,41,84310,84282,Balti jaam,862,Z
bus,84,84360,84350,Balti jaam,912,Z
bus,2,84677,84667,Balti jaam,1229,Z
bus,21,84879,84779,Balti jaam,1431,Z
bus,8,84937,84937,Äigrumäe,1489,Z
bus,66,85020,85020,Priisle,1572,Z
bus,3,85200,85200,Pelguranna,1752,Z
bus,85,85261,85261,Balti jaam,1813,Z
bus,59,85379,85379,Balti jaam,1931,Z
bus,84,85430,85430,Balti jaam,1982,Z
bus,41,85584,85584,Balti jaam,2136,Z
bus,2,85933,85933,Balti jaam,2485,Z
bus,21,86039,86039,Balti jaam,2591,Z
bus,85,86341,86341,Balti jaam,2893,Z
bus,84,86630,86630,Balti jaam,3182,Z
bus,66,86700,86700,Priisle,3252,Z
bus,41,86741,86741,Balti jaam,3293,Z
bus,66,83482,83400,Priisle,18,Z
bus,21,83585,83519,Balti jaam,121,Z
bus,8,83823,83779,Äigrumäe,359,Z
bus,3,84130,84120,Pelguranna,666,Z
bus,85,84197,84187,Balti jaam,733,Z
bus,41,84310,84282,Balti jaam,846,Z
bus,84,84360,84350,Balti jaam,896,Z
bus,2,84677,84667,Balti jaam,1213,Z
bus,21,84879,84779,Balti jaam,1415,Z
bus,8,84937,84937,Äigrumäe,1473,Z
bus,66,85020,85020,Priisle,1556,Z
bus,3,85200,85200,Pelguranna,1736,Z
bus,85,85261,85261,Balti jaam,1797,Z
bus,59,85379,85379,Balti jaam,1915,Z
bus,84,85430,85430,Balti jaam,1966,Z
bus,41,85584,85584,Balti jaam,2120,Z
bus,2,85933,85933,Balti jaam,2469,Z
bus,21,86039,86039,Balti jaam,2575,Z
bus,85,86341,86341,Balti jaam,2877,Z
bus,84,86630,86630,Balti jaam,3166,Z
bus,66,86700,86700,Priisle,3236,Z
bus,41,86741,86741,Balti jaam,3277,Z
bus,66,83480,83400,Priisle,1,Z
bus,21,83585,83519,Balti jaam,106,Z
bus,8,83833,83779,Äigrumäe,354,Z
bus,3,84150,84120,Pelguranna,671,Z
bus,85,84197,84187,Balti jaam,718,Z
bus,41,84302,84282,Balti jaam,823,Z
bus,84,84360,84350,Balti jaam,881,Z
bus,2,84677,84667,Balti jaam,1198,Z
bus,21,84875,84779,Balti jaam,1396,Z
bus,8,84937,84937,Äigrumäe,1458,Z
bus,66,85020,85020,Priisle,1541,Z
bus,3,85200,85200,Pelguranna,1721,Z
bus,85,85261,85261,Balti jaam,1782,Z
bus,59,85379,85379,Balti jaam,1900,Z
bus,84,85430,85430,Balti jaam,1951,Z
bus,41,85584,85584,Balti jaam,2105,Z
bus,2,85933,85933,Balti jaam,2454,Z
bus,21,86039,86039,Balti jaam,2560,Z
bus,85,86341,86341,Balti jaam,2862,Z
bus,84,86630,86630,Balti jaam,3151,Z
bus,66,86700,86700,Priisle,3221,Z
bus,41,86741,86741,Balti jaam,3262,Z
bus,21,83573,83519,Balti jaam,79,Z
bus,8,83843,83779,Äigrumäe,349,Z
bus,3,84130,84120,Pelguranna,636,Z
bus,85,84197,84187,Balti jaam,703,Z
bus,41,84296,84282,Balti jaam,802,Z
bus,84,84360,84350,Balti jaam,866,Z
bus,2,84669,84667,Balti jaam,1175,Z
bus,21,84875,84779,Balti jaam,1381,Z
bus,8,84937,84937,Äigrumäe,1443,Z
bus,66,85020,85020,Priisle,1526,Z
bus,3,85200,85200,Pelguranna,1706,Z
bus,85,85261,85261,Balti jaam,1767,Z
bus,59,85379,85379,Balti jaam,1885,Z
bus,84,85430,85430,Balti jaam,1936,Z
bus,41,85584,85584,Balti jaam,2090,Z
bus,2,85933,85933,Balti jaam,2439,Z
bus,21,86039,86039,Balti jaam,2545,Z
bus,85,86341,86341,Balti jaam,2847,Z
bus,84,86630,86630,Balti jaam,3136,Z
bus,66,86700,86700,Priisle,3206,Z
bus,41,86741,86741,Balti jaam,3247,Z
bus,21,83573,83519,Balti jaam,64,Z
bus,8,83843,83779,Äigrumäe,334,Z
bus,3,84130,84120,Pelguranna,621,Z
bus,85,84197,84187,Balti jaam,688,Z
bus,41,84296,84282,Balti jaam,787,Z
bus,84,84360,84350,Balti jaam,851,Z
bus,2,84669,84667,Balti jaam,1160,Z
bus,21,84875,84779,Balti jaam,1366,Z
bus,8,84937,84937,Äigrumäe,1428,Z
bus,66,85020,85020,Priisle,1511,Z
bus,3,85200,85200,Pelguranna,1691,Z
bus,85,85261,85261,Balti jaam,1752,Z
bus,59,85379,85379,Balti jaam,1870,Z
bus,84,85430,85430,Balti jaam,1921,Z
bus,41,85584,85584,Balti jaam,2075,Z
bus,2,85933,85933,Balti jaam,2424,Z
bus,21,86039,86039,Balti jaam,2530,Z
bus,85,86341,86341,Balti jaam,2832,Z
bus,84,86630,86630,Balti jaam,3121,Z
bus,66,86700,86700,Priisle,3191,Z
bus,41,86741,86741,Balti jaam,3232,Z
bus,21,83577,83519,Balti jaam,52,Z
bus,8,83853,83779,Äigrumäe,328,Z
bus,3,84130,84120,Pelguranna,605,Z
bus,85,84197,84187,Balti jaam,672,Z
bus,41,84302,84282,Balti jaam,777,Z
bus,84,84360,84350,Balti jaam,835,Z
bus,2,84645,84667,Balti jaam,1120,Z
bus,21,84927,84779,Balti jaam,1402,Z
bus,8,84937,84937,Äigrumäe,1412,Z
bus,66,85020,85020,Priisle,1495,Z
bus,3,85200,85200,Pelguranna,1675,Z
bus,85,85261,85261,Balti jaam,1736,Z
bus,59,85379,85379,Balti jaam,1854,Z
bus,84,85430,85430,Balti jaam,1905,Z
bus,41,85584,85584,Balti jaam,2059,Z
bus,2,85933,85933,Balti jaam,2408,Z
bus,21,86039,86039,Balti jaam,2514,Z
bus,85,86341,86341,Balti jaam,2816,Z
bus,84,86630,86630,Balti jaam,3105,Z
bus,66,86700,86700,Priisle,3175,Z
bus,41,86741,86741,Balti jaam,3216,Z
bus,21,83577,83519,Balti jaam,37,Z
bus,8,83853,83779,Äigrumäe,313,Z
bus,3,84130,84120,Pelguranna,590,Z
bus,85,84197,84187,Balti jaam,657,Z
bus,41,84302,84282,Balti jaam,762,Z
bus,84,84360,84350,Balti jaam,820,Z
bus,2,84645,84667,Balti jaam,1105,Z
bus,21,84927,84779,Balti jaam,1387,Z
bus,8,84937,84937,Äigrumäe,1397,Z
bus,66,85020,85020,Priisle,1480,Z
bus,3,85200,85200,Pelguranna,1660,Z
bus,85,85261,85261,Balti jaam,1721,Z
bus,59,85379,85379,Balti jaam,1839,Z
bus,84,85430,85430,Balti jaam,1890,Z
bus,41,85584,85584,Balti jaam,2044,Z
bus,2,85933,85933,Balti jaam,2393,Z
bus,21,86039,86039,Balti jaam,2499,Z
bus,85,86341,86341,Balti jaam,2801,Z
bus,84,86630,86630,Balti jaam,3090,Z
bus,66,86700,86700,Priisle,3160,Z
bus,41,86741,86741,Balti jaam,3201,Z
bus,21,83597,83519,Balti jaam,42,Z
bus,8,83845,83779,Äigrumäe,290,Z
bus,3,84130,84120,Pelguranna,575,Z
bus,85,84197,84187,Balti jaam,642,Z
bus,41,84296,84282,Balti jaam,741,Z
bus,84,84360,84350,Balti jaam,805,Z
bus,2,84631,84667,Balti jaam,1076,Z
bus,21,84919,84779,Balti jaam,1364,Z
bus,8,84937,84937,Äigrumäe,1382,Z
bus,66,85020,85020,Priisle,1465,Z
bus,3,85200,85200,Pelguranna,1645,Z
bus,85,85261,85261,Balti jaam,1706,Z
bus,59,85379,85379,Balti jaam,1824,Z
bus,84,85430,85430,Balti jaam,1875,Z
bus,41,85584,85584,Balti jaam,2029,Z
bus,2,85933,85933,Balti jaam,2378,Z
bus,21,86039,86039,Balti jaam,2484,Z
bus,85,86341,86341,Balti jaam,2786,Z
bus,84,86630,86630,Balti jaam,3075,Z
bus,66,86700,86700,Priisle,3145,Z
bus,41,86741,86741,Balti jaam,3186,Z
bus,21,83593,83519,Balti jaam,22,Z
bus,8,83833,83779,Äigrumäe,262,Z
bus,3,84130,84120,Pelguranna,559,Z
bus,85,84211,84187,Balti jaam,640,Z
bus,41,84298,84282,Balti jaam,727,Z
bus,84,84360,84350,Balti jaam,789,Z
bus,2,84625,84667,Balti jaam,1054,Z
bus,8,84937,84937,Äigrumäe,1366,Z
bus,21,85007,84779,Balti jaam,1436,Z
bus,66,85020,85020,Priisle,1449,Z
bus,3,85200,85200,Pelguranna,1629,Z
bus,85,85261,85261,Balti jaam,1690,Z
bus,59,85379,85379,Balti jaam,1808,Z
bus,84,85430,85430,Balti jaam,1859,Z
bus,41,85584,85584,Balti jaam,2013,Z
bus,2,85933,85933,Balti jaam,2362,Z
bus,21,86039,86039,Balti jaam,2468,Z
bus,85,86341,86341,Balti jaam,2770,Z
bus,84,86630,86630,Balti jaam,3059,Z
bus,66,86700,86700,Priisle,3129,Z
bus,41,86741,86741,Balti jaam,3170,Z
bus,21,83593,83519,Balti jaam,7,Z
bus,8,83833,83779,Äigrumäe,247,Z
bus,3,84130,84120,Pelguranna,544,Z
bus,85,84211,84187,Balti jaam,625,Z
bus,41,84298,84282,Balti jaam,712,Z
bus,84,84360,84350,Balti jaam,774,Z
bus,2,84625,84667,Balti jaam,1039,Z
bus,8,84937,84937,Äigrumäe,1351,Z
bus,21,85007,84779,Balti jaam,1421,Z
bus,66,85020,85020,Priisle,1434,Z
bus,3,85200,85200,Pelguranna,1614,Z
bus,85,85261,85261,Balti jaam,1675,Z
bus,59,85379,85379,Balti jaam,1793,Z
bus,84,85430,85430,Balti jaam,1844,Z
bus,41,85584,85584,Balti jaam,1998,Z
bus,2,85933,85933,Balti jaam,2347,Z
bus,21,86039,86039,Balti jaam,2453,Z
bus,85,86341,86341,Balti jaam,2755,Z
bus,84,86630,86630,Balti jaam,3044,Z
bus,66,86700,86700,Priisle,3114,Z
bus,41,86741,86741,Balti jaam,3155,Z
bus,2,87181,87181,Balti jaam,3595,Z
bus,8,83827,83779,Äigrumäe,225,Z
bus,3,84126,84120,Pelguranna,524,Z
bus,85,84199,84187,Balti jaam,597,Z
bus,41,84292,84282,Balti jaam,690,Z
bus,84,84360,84350,Balti jaam,758,Z
bus,2,84659,84667,Balti jaam,1057,Z
bus,8,84937,84937,Äigrumäe,1335,Z
bus,21,84997,84779,Balti jaam,1395,Z
bus,66,85020,85020,Priisle,1418,Z
bus,3,85200,85200,Pelguranna,1598,Z
bus,85,85261,85261,Balti jaam,1659,Z
bus,59,85379,85379,Balti jaam,1777,Z
bus,84,85430,85430,Balti jaam,1828,Z
bus,41,85584,85584,Balti jaam,1982,Z
bus,2,85933,85933,Balti jaam,2331,Z
bus,21,86039,86039,Balti jaam,2437,Z
bus,85,86341,86341,Balti jaam,2739,Z
bus,84,86630,86630,Balti jaam,3028,Z
bus,66,86700,86700,Priisle,3098,Z
bus,41,86741,86741,Balti jaam,3139,Z
bus,2,87181,87181,Balti jaam,3579,Z
bus,8,83845,83779,Äigrumäe,228,Z
bus,3,84112,84120,Pelguranna,495,Z
bus,85,84217,84187,Balti jaam,600,Z
bus,41,84292,84282,Balti jaam,675,Z
bus,84,84360,84350,Balti jaam,743,Z
bus,2,84673,84667,Balti jaam,1056,Z
bus,8,84937,84937,Äigrumäe,1320,Z
bus,21,84993,84779,Balti jaam,1376,Z
bus,66,85020,85020,Priisle,1403,Z
bus,3,85200,85200,Pelguranna,1583,Z
bus,85,85261,85261,Balti jaam,1644,Z
bus,59,85379,85379,Balti jaam,1762,Z
bus,84,85430,85430,Balti jaam,1813,Z
bus,41,85584,85584,Balti jaam,1967,Z
bus,2,85933,85933,Balti jaam,2316,Z
bus,21,86039,86039,Balti jaam,2422,Z
bus,85,86341,86341,Balti jaam,2724,Z
bus,84,86630,86630,Balti jaam,3013,Z
bus,66,86700,86700,Priisle,3083,Z
bus,41,86741,86741,Balti jaam,3124,Z
bus,2,87181,87181,Balti jaam,3564,Z
bus,8,83845,83779,Äigrumäe,213,Z
bus,3,84112,84120,Pelguranna,480,Z
bus,85,84217,84187,Balti jaam,585,Z
bus,41,84292,84282,Balti jaam,660,Z
bus,84,84360,84350,Balti jaam,728,Z
bus,2,84673,84667,Balti jaam,1041,Z
bus,8,84937,84937,Äigrumäe,1305,Z
bus,21,84993,84779,Balti jaam,1361,Z
bus,66,85020,85020,Priisle,1388,Z
bus,3,85200,85200,Pelguranna,1568,Z
bus,85,85261,85261,Balti jaam,1629,Z
bus,59,85379,85379,Balti jaam,1747,Z
bus,84,85430,85430,Balti jaam,1798,Z
bus,41,85584,85584,Balti jaam,1952,Z
bus,2,85933,85933,Balti jaam,2301,Z
bus,21,86039,86039,Balti jaam,2407,Z
bus,85,86341,86341,Balti jaam,2709,Z
bus,84,86630,86630,Balti jaam,2998,Z
bus,66,86700,86700,Priisle,3068,Z
bus,41,86741,86741,Balti jaam,3109,Z
bus,2,87181,87181,Balti jaam,3549,Z
bus,8,83829,83779,Äigrumäe,181,Z
bus,3,84126,84120,Pelguranna,478,Z
bus,85,84215,84187,Balti jaam,567,Z
bus,41,84292,84282,Balti jaam,644,Z
bus,84,84360,84350,Balti jaam,712,Z
bus,2,84677,84667,Balti jaam,1029,Z
bus,8,84937,84937,Äigrumäe,1289,Z
bus,21,85005,84779,Balti jaam,1357,Z
bus,66,85020,85020,Priisle,1372,Z
bus,3,85200,85200,Pelguranna,1552,Z
bus,85,85261,85261,Balti jaam,1613,Z
bus,59,85379,85379,Balti jaam,1731,Z
bus,84,85430,85430,Balti jaam,1782,Z
bus,41,85584,85584,Balti jaam,1936,Z
bus,2,85933,85933,Balti jaam,2285,Z
bus,21,86039,86039,Balti jaam,2391,Z
bus,85,86341,86341,Balti jaam,2693,Z
bus,84,86630,86630,Balti jaam,2982,Z
bus,66,86700,86700,Priisle,3052,Z
bus,41,86741,86741,Balti jaam,3093,Z
bus,2,87181,87181,Balti jaam,3533,Z
bus,8,83811,83779,Äigrumäe,148,Z
bus,3,84130,84120,Pelguranna,467,Z
bus,85,84213,84187,Balti jaam,550,Z
bus,41,84292,84282,Balti jaam,629,Z
bus,84,84360,84350,Balti jaam,697,Z
bus,2,84677,84667,Balti jaam,1014,Z
bus,8,84937,84937,Äigrumäe,1274,Z
bus,21,85003,84779,Balti jaam,1340,Z
bus,66,85020,85020,Priisle,1357,Z
bus,3,85200,85200,Pelguranna,1537,Z
bus,85,85261,85261,Balti jaam,1598,Z
bus,59,85379,85379,Balti jaam,1716,Z
bus,84,85430,85430,Balti jaam,1767,Z
bus,41,85584,85584,Balti jaam,1921,Z
bus,2,85933,85933,Balti jaam,2270,Z
bus,21,86039,86039,Balti jaam,2376,Z
bus,85,86341,86341,Balti jaam,2678,Z
bus,84,86630,86630,Balti jaam,2967,Z
bus,66,86700,86700,Priisle,3037,Z
bus,41,86741,86741,Balti jaam,3078,Z
bus,2,87181,87181,Balti jaam,3518,Z
bus,8,83811,83779,Äigrumäe,133,Z
bus,3,84130,84120,Pelguranna,452,Z
bus,85,84213,84187,Balti jaam,535,Z
bus,41,84292,84282,Balti jaam,614,Z
bus,84,84360,84350,Balti jaam,682,Z
bus,2,84677,84667,Balti jaam,999,Z
bus,8,84937,84937,Äigrumäe,1259,Z
bus,21,85003,84779,Balti jaam,1325,Z
bus,66,85020,85020,Priisle,1342,Z
bus,3,85200,85200,Pelguranna,1522,Z
bus,85,85261,85261,Balti jaam,1583,Z
bus,59,85379,85379,Balti jaam,1701,Z
bus,84,85430,85430,Balti jaam,1752,Z
bus,41,85584,85584,Balti jaam,1906,Z
bus,2,85933,85933,Balti jaam,2255,Z
bus,21,86039,86039,Balti jaam,2361,Z
bus,85,86341,86341,Balti jaam,2663,Z
bus,84,86630,86630,Balti jaam,2952,Z
bus,66,86700,86700,Priisle,3022,Z
bus,41,86741,86741,Balti jaam,3063,Z
bus,2,87181,87181,Balti jaam,3503,Z
bus,21,87270,87270,Balti jaam,3592,Z
bus,8,83827,83779,Äigrumäe,133,Z
bus,3,84130,84120,Pelguranna,436,Z
bus,85,84231,84187,Balti jaam,537,Z
bus,41,84316,84282,Balti jaam,622,Z
bus,84,84360,84350,Balti jaam,666,Z
bus,2,84677,84667,Balti jaam,983,Z
bus,8,84937,84937,Äigrumäe,1243,Z
bus,21,85001,84779,Balti jaam,1307,Z
bus,66,85020,85020,Priisle,1326,Z
bus,3,85200,85200,Pelguranna,1506,Z
bus,85,85261,85261,Balti jaam,1567,Z
bus,59,85379,85379,Balti jaam,1685,Z
bus,84,85430,85430,Balti jaam,1736,Z
bus,41,85584,85584,Balti jaam,1890,Z
bus,2,85933,85933,Balti jaam,2239,Z
bus,21,86039,86039,Balti jaam,2345,Z
bus,85,86341,86341,Balti jaam,2647,Z
bus,84,86630,86630,Balti jaam,2936,Z
bus,66,86700,86700,Priisle,3006,Z
bus,41,86741,86741,Balti jaam,3047,Z
bus,2,87181,87181,Balti jaam,3487,Z
bus,21,87270,87270,Balti jaam,3576,Z
bus,8,83827,83779,Äigrumäe,118,Z
bus,3,84130,84120,Pelguranna,421,Z
bus,85,84231,84187,Balti jaam,522,Z
bus,41,84316,84282,Balti jaam,607,Z
bus,84,84360,84350,Balti jaam,651,Z
bus,2,84677,84667,Balti jaam,968,Z
bus,8,84937,84937,Äigrumäe,1228,Z
bus,21,85001,84779,Balti jaam,1292,Z
bus,66,85020,85020,Priisle,1311,Z
bus,3,85200,85200,Pelguranna,1491,Z
bus,85,85261,85261,Balti jaam,1552,Z
bus,59,85379,85379,Balti jaam,1670,Z
bus,84,85430,85430,Balti jaam,1721,Z
bus,41,85584,85584,Balti jaam,1875,Z
bus,2,85933,85933,Balti jaam,2224,Z
bus,21,86039,86039,Balti jaam,2330,Z
bus,85,86341,86341,Balti jaam,2632,Z
bus,84,86630,86630,Balti jaam,2921,Z
bus,66,86700,86700,Priisle,2991,Z
bus,41,86741,86741,Balti jaam,3032,Z
bus,2,87181,87181,Balti jaam,3472,Z
bus,21,87270,87270,Balti jaam,3561,Z
bus,8,83819,83779,Äigrumäe,95,Z
bus,3,84138,84120,Pelguranna,414,Z
bus,85,84223,84187,Balti jaam,499,Z
bus,41,84306,84282,Balti jaam,582,Z
bus,84,84360,84350,Balti jaam,636,Z
bus,2,84669,84667,Balti jaam,945,Z
bus,8,84937,84937,Äigrumäe,1213,Z
bus,21,84993,84779,Balti jaam,1269,Z
bus,66,85020,85020,Priisle,1296,Z
bus,3,85200,85200,Pelguranna,1476,Z
bus,85,85261,85261,Balti jaam,1537,Z
bus,59,85379,85379,Balti jaam,1655,Z
bus,84,85430,85430,Balti jaam,1706,Z
bus,41,85584,85584,Balti jaam,1860,Z
bus,2,85933,85933,Balti jaam,2209,Z
bus,21,86039,86039,Balti jaam,2315,Z
bus,85,86341,86341,Balti jaam,2617,Z
bus,84,86630,86630,Balti jaam,2906,Z
bus,66,86700,86700,Priisle,2976,Z
bus,41,86741,86741,Balti jaam,3017,Z
bus,2,87181,87181,Balti jaam,3457,Z
bus,21,87270,87270,Balti jaam,3546,Z
bus,8,83841,83779,Äigrumäe,102,Z
bus,3,84146,84120,Pelguranna,407,Z
bus,85,84221,84187,Balti jaam,482,Z
bus,41,84298,84282,Balti jaam,559,Z
bus,84,84360,84350,Balti jaam,621,Z
bus,2,84643,84667,Balti jaam,904,Z
bus,8,84937,84937,Äigrumäe,1198,Z
bus,21,85001,84779,Balti jaam,1262,Z
bus,66,85020,85020,Priisle,1281,Z
bus,3,85200,85200,Pelguranna,1461,Z
bus,85,85261,85261,Balti jaam,1522,Z
bus,59,85379,85379,Balti jaam,1640,Z
bus,84,85430,85430,Balti jaam,1691,Z
bus,41,85584,85584,Balti jaam,1845,Z
bus,2,85933,85933,Balti jaam,2194,Z
bus,21,86039,86039,Balti jaam,2300,Z
bus,85,86341,86341,Balti jaam,2602,Z
bus,84,86630,86630,Balti jaam,2891,Z
bus,66,86700,86700,Priisle,2961,Z
bus,41,86741,86741,Balti jaam,3002,Z
bus,2,87181,87181,Balti jaam,3442,Z
bus,21,87270,87270,Balti jaam,3531,Z
bus,8,83841,83779,Äigrumäe,86,Z
bus,3,84146,84120,Pelguranna,391,Z
bus,85,84221,84187,Balti jaam,466,Z
bus,41,84298,84282,Balti jaam,543,Z
bus,84,84360,84350,Balti jaam,605,Z
bus,2,84643,84667,Balti jaam,888,Z
bus,8,84937,84937,Äigrumäe,1182,Z
bus,21,85001,84779,Balti jaam,1246,Z
bus,66,85020,85020,Priisle,1265,Z
bus,3,85200,85200,Pelguranna,1445,Z
bus,85,85261,85261,Balti jaam,1506,Z
bus,59,85379,85379,Balti jaam,1624,Z
bus,84,85430,85430,Balti jaam,1675,Z
bus,41,85584,85584,Balti jaam,1829,Z
bus,2,85933,85933,Balti jaam,2178,Z
bus,21,86039,86039,Balti jaam,2284,Z
bus,85,86341,86341,Balti jaam,2586,Z
bus,84,86630,86630,Balti jaam,2875,Z
bus,66,86700,86700,Priisle,2945,Z
bus,41,86741,86741,Balti jaam,2986,Z
bus,2,87181,87181,Balti jaam,3426,Z
bus,21,87270,87270,Balti jaam,3515,Z
bus,8,83851,83779,Äigrumäe,81,Z
bus,3,84130,84120,Pelguranna,360,Z
bus,85,84243,84187,Balti jaam,473,Z
bus,41,84292,84282,Balti jaam,522,Z
bus,84,84360,84350,Balti jaam,590,Z
bus,2,84619,84667,Balti jaam,849,Z
bus,8,84937,84937,Äigrumäe,1167,Z
bus,21,84985,84779,Balti jaam,1215,Z
bus,66,85020,85020,Priisle,1250,Z
bus,3,85200,85200,Pelguranna,1430,Z
bus,85,85261,85261,Balti jaam,1491,Z
bus,59,85379,85379,Balti jaam,1609,Z
bus,84,85430,85430,Balti jaam,1660,Z
bus,41,85584,85584,Balti jaam,1814,Z
bus,2,85933,85933,Balti jaam,2163,Z
bus,21,86039,86039,Balti jaam,2269,Z
bus,85,86341,86341,Balti jaam,2571,Z
bus,84,86630,86630,Balti jaam,2860,Z
bus,66,86700,86700,Priisle,2930,Z
bus,41,86741,86741,Balti jaam,2971,Z
bus,2,87181,87181,Balti jaam,3411,Z
bus,21,87270,87270,Balti jaam,3500,Z
bus,8,83853,83779,Äigrumäe,68,Z
bus,3,84130,84120,Pelguranna,345,Z
bus,85,84231,84187,Balti jaam,446,Z
bus,41,84302,84282,Balti jaam,517,Z
bus,84,84360,84350,Balti jaam,575,Z
bus,2,84637,84667,Balti jaam,852,Z
bus,8,84937,84937,Äigrumäe,1152,Z
bus,21,84993,84779,Balti jaam,1208,Z
bus,66,85020,85020,Priisle,1235,Z
bus,3,85200,85200,Pelguranna,1415,Z
bus,85,85261,85261,Balti jaam,1476,Z
bus,59,85379,85379,Balti jaam,1594,Z
bus,84,85430,85430,Balti jaam,1645,Z
bus,41,85584,85584,Balti jaam,1799,Z
bus,2,85933,85933,Balti jaam,2148,Z
bus,21,86039,86039,Balti jaam,2254,Z
bus,85,86341,86341,Balti jaam,2556,Z
bus,84,86630,86630,Balti jaam,2845,Z
bus,66,86700,86700,Priisle,2915,Z
bus,41,86741,86741,Balti jaam,2956,Z
bus,2,87181,87181,Balti jaam,3396,Z
bus,21,87270,87270,Balti jaam,3485,Z
bus,8,83845,83779,Äigrumäe,44,Z
bus,3,84130,84120,Pelguranna,329,Z
bus,85,84247,84187,Balti jaam,446,Z
bus,41,84300,84282,Balti jaam,499,Z
bus,84,84362,84350,Balti jaam,561,Z
bus,2,84627,84667,Balti jaam,826,Z
bus,8,84937,84937,Äigrumäe,1136,Z
bus,21,84989,84779,Balti jaam,1188,Z
bus,66,85020,85020,Priisle,1219,Z
bus,3,85200,85200,Pelguranna,1399,Z
bus,85,85261,85261,Balti jaam,1460,Z
bus,59,85379,85379,Balti jaam,1578,Z
bus,84,85430,85430,Balti jaam,1629,Z
bus,41,85584,85584,Balti jaam,1783,Z
bus,2,85933,85933,Balti jaam,2132,Z
bus,21,86039,86039,Balti jaam,2238,Z
bus,85,86341,86341,Balti jaam,2540,Z
bus,84,86630,86630,Balti jaam,2829,Z
bus,66,86700,86700,Priisle,2899,Z
bus,41,86741,86741,Balti jaam,2940,Z
bus,2,87181,87181,Balti jaam,3380,Z
bus,21,87270,87270,Balti jaam,3469,Z
bus,8,83845,83779,Äigrumäe,29,Z
bus,3,84130,84120,Pelguranna,314,Z
bus,85,84247,84187,Balti jaam,431,Z
bus,41,84300,84282,Balti jaam,484,Z
bus,84,84362,84350,Balti jaam,546,Z
bus,2,84627,84667,Balti jaam,811,Z
bus,8,84937,84937,Äigrumäe,1121,Z
bus,21,84989,84779,Balti jaam,1173,Z
bus,66,85020,85020,Priisle,1204,Z
bus,3,85200,85200,Pelguranna,1384,Z
bus,85,85261,85261,Balti jaam,1445,Z
bus,59,85379,85379,Balti jaam,1563,Z
bus,84,85430,85430,Balti jaam,1614,Z
bus,41,85584,85584,Balti jaam,1768,Z
bus,2,85933,85933,Balti jaam,2117,Z
bus,21,86039,86039,Balti jaam,2223,Z
bus,85,86341,86341,Balti jaam,2525,Z
bus,84,86630,86630,Balti jaam,2814,Z
bus,66,86700,86700,Priisle,2884,Z
bus,41,86741,86741,Balti jaam,2925,Z
bus,2,87181,87181,Balti jaam,3365,Z
bus,21,87270,87270,Balti jaam,3454,Z
bus,8,83855,83779,Äigrumäe,24,Z
bus,3,84138,84120,Pelguranna,307,Z
bus,85,84265,84187,Balti jaam,434,Z
bus,41,84304,84282,Balti jaam,473,Z
bus,84,84360,84350,Balti jaam,529,Z
bus,2,84653,84667,Balti jaam,822,Z
bus,8,84937,84937,Äigrumäe,1106,Z
bus,21,84987,84779,Balti jaam,1156,Z
bus,66,85020,85020,Priisle,1189,Z
bus,3,85200,85200,Pelguranna,1369,Z
bus,85,85261,85261,Balti jaam,1430,Z
bus,59,85379,85379,Balti jaam,1548,Z
bus,84,85430,85430,Balti jaam,1599,Z
bus,41,85584,85584,Balti jaam,1753,Z
bus,2,85933,85933,Balti jaam,2102,Z
bus,21,86039,86039,Balti jaam,2208,Z
bus,85,86341,86341,Balti jaam,2510,Z
bus,84,86630,86630,Balti jaam,2799,Z
bus,66,86700,86700,Priisle,2869,Z
bus,41,86741,86741,Balti jaam,2910,Z
bus,2,87181,87181,Balti jaam,3350,Z
bus,21,87270,87270,Balti jaam,3439,Z
bus,8,83855,83779,Äigrumäe,8,Z
bus,3,84138,84120,Pelguranna,291,Z
bus,85,84265,84187,Balti jaam,418,Z
bus,41,84304,84282,Balti jaam,457,Z
bus,84,84360,84350,Balti jaam,513,Z
bus,2,84653,84667,Balti jaam,806,Z
bus,8,84937,84937,Äigrumäe,1090,Z
bus,21,84987,84779,Balti jaam,1140,Z
bus,66,85020,85020,Priisle,1173,Z
bus,3,85200,85200,Pelguranna,1353,Z
bus,85,85261,85261,Balti jaam,1414,Z
bus,59,85379,85379,Balti jaam,1532,Z
bus,84,85430,85430,Balti jaam,1583,Z
bus,41,85584,85584,Balti jaam,1737,Z
bus,2,85933,85933,Balti jaam,2086,Z
bus,21,86039,86039,Balti jaam,2192,Z
bus,85,86341,86341,Balti jaam,2494,Z
bus,84,86630,86630,Balti jaam,2783,Z
bus,66,86700,86700,Priisle,2853,Z
bus,41,86741,86741,Balti jaam,2894,Z
bus,2,87181,87181,Balti jaam,3334,Z
bus,21,87270,87270,Balti jaam,3423,Z
bus,3,84160,84120,Pelguranna,298,Z
bus,85,84249,84187,Balti jaam,387,Z
bus,41,84326,84282,Balti jaam,464,Z
bus,84,84360,84350,Balti jaam,498,Z
bus,2,84599,84667,Balti jaam,737,Z
bus,8,84937,84937,Äigrumäe,1075,Z
bus,21,84991,84779,Balti jaam,1129,Z
bus,66,85020,85020,Priisle,1158,Z
bus,3,85200,85200,Pelguranna,1338,Z
bus,85,85261,85261,Balti jaam,1399,Z
bus,59,85379,85379,Balti jaam,1517,Z
bus,84,85430,85430,Balti jaam,1568,Z
bus,41,85594,85584,Balti jaam,1732,Z
bus,2,85933,85933,Balti jaam,2071,Z
bus,21,86039,86039,Balti jaam,2177,Z
bus,85,86341,86341,Balti jaam,2479,Z
bus,84,86630,86630,Balti jaam,2768,Z
bus,66,86700,86700,Priisle,2838,Z
bus,41,86741,86741,Balti jaam,2879,Z
bus,2,87181,87181,Balti jaam,3319,Z
bus,21,87270,87270,Balti jaam,3408,Z
bus,3,84182,84120,Pelguranna,305,Z
bus,85,84229,84187,Balti jaam,352,Z
bus,41,84312,84282,Balti jaam,435,Z
bus,84,84362,84350,Balti jaam,485,Z
bus,2,84587,84667,Balti jaam,710,Z
bus,8,84937,84937,Äigrumäe,1060,Z
bus,21,84997,84779,Balti jaam,1120,Z
bus,66,85020,85020,Priisle,1143,Z
bus,3,85200,85200,Pelguranna,1323,Z
bus,85,85261,85261,Balti jaam,1384,Z
bus,59,85379,85379,Balti jaam,1502,Z
bus,84,85430,85430,Balti jaam,1553,Z
bus,41,85594,85584,Balti jaam,1717,Z
bus,2,85933,85933,Balti jaam,2056,Z
bus,21,86039,86039,Balti jaam,2162,Z
bus,85,86341,86341,Balti jaam,2464,Z
bus,84,86630,86630,Balti jaam,2753,Z
bus,66,86700,86700,Priisle,2823,Z
bus,41,86741,86741,Balti jaam,2864,Z
bus,2,87181,87181,Balti jaam,3304,Z
bus,21,87270,87270,Balti jaam,3393,Z
bus,3,84182,84120,Pelguranna,289,Z
bus,85,84229,84187,Balti jaam,336,Z
bus,41,84312,84282,Balti jaam,419,Z
bus,84,84362,84350,Balti jaam,469,Z
bus,2,84587,84667,Balti jaam,694,Z
bus,8,84937,84937,Äigrumäe,1044,Z
bus,21,84997,84779,Balti jaam,1104,Z
bus,66,85020,85020,Priisle,1127,Z
bus,3,85200,85200,Pelguranna,1307,Z
bus,85,85261,85261,Balti jaam,1368,Z
bus,59,85379,85379,Balti jaam,1486,Z
bus,84,85430,85430,Balti jaam,1537,Z
bus,41,85594,85584,Balti jaam,1701,Z
bus,2,85933,85933,Balti jaam,2040,Z
bus,21,86039,86039,Balti jaam,2146,Z
bus,85,86341,86341,Balti jaam,2448,Z
bus,84,86630,86630,Balti jaam,2737,Z
bus,66,86700,86700,Priisle,2807,Z
bus,41,86741,86741,Balti jaam,2848,Z
bus,2,87181,87181,Balti jaam,3288,Z
bus,21,87270,87270,Balti jaam,3377,Z
bus,3,84184,84120,Pelguranna,276,Z
bus,85,84205,84187,Balti jaam,297,Z
bus,41,84332,84282,Balti jaam,424,Z
bus,84,84360,84350,Balti jaam,452,Z
bus,2,84581,84667,Balti jaam,673,Z
bus,8,84937,84937,Äigrumäe,1029,Z
bus,21,84989,84779,Balti jaam,1081,Z
bus,66,85020,85020,Priisle,1112,Z
bus,3,85200,85200,Pelguranna,1292,Z
bus,85,85261,85261,Balti jaam,1353,Z
bus,59,85379,85379,Balti jaam,1471,Z
bus,84,85430,85430,Balti jaam,1522,Z
bus,41,85594,85584,Balti jaam,1686,Z
bus,2,85933,85933,Balti jaam,2025,Z
bus,21,86039,86039,Balti jaam,2131,Z
bus,85,86341,86341,Balti jaam,2433,Z
bus,84,86630,86630,Balti jaam,2722,Z
bus,66,86700,86700,Priisle,2792,Z
bus,41,86741,86741,Balti jaam,2833,Z
bus,2,87181,87181,Balti jaam,3273,Z
bus,21,87270,87270,Balti jaam,3362,Z
bus,3,84180,84120,Pelguranna,257,Z
bus,85,84219,84187,Balti jaam,296,Z
bus,41,84326,84282,Balti jaam,403,Z
bus,84,84360,84350,Balti jaam,437,Z
bus,2,84599,84667,Balti jaam,676,Z
bus,8,84947,84937,Äigrumäe,1024,Z
bus,21,84979,84779,Balti jaam,1056,Z
bus,66,85020,85020,Priisle,1097,Z
bus,3,85200,85200,Pelguranna,1277,Z
bus,85,85261,85261,Balti jaam,1338,Z
bus,59,85379,85379,Balti jaam,1456,Z
bus,84,85430,85430,Balti jaam,1507,Z
bus,41,85594,85584,Balti jaam,1671,Z
bus,2,85933,85933,Balti jaam,2010,Z
bus,21,86039,86039,Balti jaam,2116,Z
bus,85,86341,86341,Balti jaam,2418,Z
bus,84,86630,86630,Balti jaam,2707,Z
bus,66,86700,86700,Priisle,2777,Z
bus,41,86741,86741,Balti jaam,2818,Z
bus,2,87181,87181,Balti jaam,3258,Z
bus,21,87270,87270,Balti jaam,3347,Z
bus,3,84180,84120,Pelguranna,241,Z
bus,85,84219,84187,Balti jaam,280,Z
bus,41,84326,84282,Balti jaam,387,Z
bus,84,84360,84350,Balti jaam,421,Z
bus,2,84599,84667,Balti jaam,660,Z
bus,8,84947,84937,Äigrumäe,1008,Z
bus,21,84979,84779,Balti jaam,1040,Z
bus,66,85020,85020,Priisle,1081,Z
bus,3,85200,85200,Pelguranna,1261,Z
bus,85,85261,85261,Balti jaam,1322,Z
bus,59,85379,85379,Balti jaam,1440,Z
bus,84,85430,85430,Balti jaam,1491,Z
bus,41,85594,85584,Balti jaam,1655,Z
bus,2,85933,85933,Balti jaam,1994,Z
bus,21,86039,86039,Balti jaam,2100,Z
bus,85,86341,86341,Balti jaam,2402,Z
bus,84,86630,86630,Balti jaam,2691,Z
bus,66,86700,86700,Priisle,2761,Z
bus,41,86741,86741,Balti jaam,2802,Z
bus,2,87181,87181,Balti jaam,3242,Z
bus,21,87270,87270,Balti jaam,3331,Z
bus,85,84195,84187,Balti jaam,241,Z
bus,3,84224,84120,Pelguranna,270,Z
bus,41,84324,84282,Balti jaam,370,Z
bus,84,84360,84350,Balti jaam,406,Z
bus,2,84587,84667,Balti jaam,633,Z
bus,8,84947,84937,Äigrumäe,993,Z
bus,21,85003,84779,Balti jaam,1049,Z
bus,66,85020,85020,Priisle,1066,Z
bus,3,85200,85200,Pelguranna,1246,Z
bus,85,85261,85261,Balti jaam,1307,Z
bus,59,85379,85379,Balti jaam,1425,Z
bus,84,85430,85430,Balti jaam,1476,Z
bus,41,85594,85584,Balti jaam,1640,Z
bus,2,85933,85933,Balti jaam,1979,Z
bus,21,86039,86039,Balti jaam,2085,Z
bus,85,86341,86341,Balti jaam,2387,Z
bus,84,86630,86630,Balti jaam,2676,Z
bus,66,86700,86700,Priisle,2746,Z
bus,41,86741,86741,Balti jaam,2787,Z
bus,2,87181,87181,Balti jaam,3227,Z
bus,21,87270,87270,Balti jaam,3316,Z
bus,85,84195,84187,Balti jaam,226,Z
bus,3,84224,84120,Pelguranna,255,Z
bus,41,84324,84282,Balti jaam,355,Z
bus,84,84360,84350,Balti jaam,391,Z
bus,2,84587,84667,Balti jaam,618,Z
bus,8,84947,84937,Äigrumäe,978,Z
bus,21,85003,84779,Balti jaam,1034,Z
bus,66,85020,85020,Priisle,1051,Z
bus,3,85200,85200,Pelguranna,1231,Z
bus,85,85261,85261,Balti jaam,1292,Z
bus,59,85379,85379,Balti jaam,1410,Z
bus,84,85430,85430,Balti jaam,1461,Z
bus,41,85594,85584,Balti jaam,1625,Z
bus,2,85933,85933,Balti jaam,1964,Z
bus,21,86039,86039,Balti jaam,2070,Z
bus,85,86341,86341,Balti jaam,2372,Z
bus,84,86630,86630,Balti jaam,2661,Z
bus,66,86700,86700,Priisle,2731,Z
bus,41,86741,86741,Balti jaam,2772,Z
bus,2,87181,87181,Balti jaam,3212,Z
bus,21,87270,87270,Balti jaam,3301,Z
bus,85,84215,84187,Balti jaam,230,Z
bus,3,84228,84120,Pelguranna,243,Z
bus,41,84320,84282,Balti jaam,335,Z
bus,84,84374,84350,Balti jaam,389,Z
bus,2,84595,84667,Balti jaam,610,Z
bus,8,84947,84937,Äigrumäe,962,Z
bus,21,84993,84779,Balti jaam,1008,Z
bus,66,85020,85020,Priisle,1035,Z
bus,3,85200,85200,Pelguranna,1215,Z
bus,85,85261,85261,Balti jaam,1276,Z
bus,59,85379,85379,Balti jaam,1394,Z
bus,84,85430,85430,Balti jaam,1445,Z
bus,41,85594,85584,Balti jaam,1609,Z
bus,2,85933,85933,Balti jaam,1948,Z
bus,21,86039,86039,Balti jaam,2054,Z
bus,85,86341,86341,Balti jaam,2356,Z
bus,84,86630,86630,Balti jaam,2645,Z
bus,66,86700,86700,Priisle,2715,Z
bus,41,86741,86741,Balti jaam,2756,Z
bus,2,87181,87181,Balti jaam,3196,Z
bus,21,87270,87270,Balti jaam,3285,Z
bus,3,84224,84120,Pelguranna,224,Z
bus,85,84237,84187,Balti jaam,237,Z
bus,41,84320,84282,Balti jaam,320,Z
bus,84,84368,84350,Balti jaam,368,Z
bus,2,84583,84667,Balti jaam,583,Z
bus,8,84947,84937,Äigrumäe,947,Z
bus,21,84991,84779,Balti jaam,991,Z
bus,66,85020,85020,Priisle,1020,Z
bus,3,85200,85200,Pelguranna,1200,Z
bus,85,85261,85261,Balti jaam,1261,Z
bus,59,85379,85379,Balti jaam,1379,Z
bus,84,85430,85430,Balti jaam,1430,Z
bus,41,85594,85584,Balti jaam,1594,Z
bus,2,85933,85933,Balti jaam,1933,Z
bus,21,86039,86039,Balti jaam,2039,Z
bus,85,86341,86341,Balti jaam,2341,Z
bus,84,86630,86630,Balti jaam,2630,Z
bus,66,86700,86700,Priisle,2700,Z
bus,41,86741,86741,Balti jaam,2741,Z
bus,2,87181,87181,Balti jaam,3181,Z
bus,21,87270,87270,Balti jaam,3270,Z
bus,3,84210,84120,Pelguranna,195,Z
bus,85,84213,84187,Balti jaam,198,Z
bus,41,84336,84282,Balti jaam,321,Z
bus,84,84360,84350,Balti jaam,345,Z
bus,2,84577,84667,Balti jaam,562,Z
bus,8,84947,84937,Äigrumäe,932,Z
bus,21,84995,84779,Balti jaam,980,Z
bus,66,85020,85020,Priisle,1005,Z
bus,3,85200,85200,Pelguranna,1185,Z
bus,85,85261,85261,Balti jaam,1246,Z
bus,59,85379,85379,Balti jaam,1364,Z
bus,84,85430,85430,Balti jaam,1415,Z
bus,41,85594,85584,Balti jaam,1579,Z
bus,2,85933,85933,Balti jaam,1918,Z
bus,21,86039,86039,Balti jaam,2024,Z
bus,85,86341,86341,Balti jaam,2326,Z
bus,84,86630,86630,Balti jaam,2615,Z
bus,66,86700,86700,Priisle,2685,Z
bus,41,86741,86741,Balti jaam,2726,Z
bus,2,87181,87181,Balti jaam,3166,Z
bus,21,87270,87270,Balti jaam,3255,Z
bus,3,84210,84120,Pelguranna,179,Z
bus,85,84213,84187,Balti jaam,182,Z
bus,41,84336,84282,Balti jaam,305,Z
bus,84,84360,84350,Balti jaam,329,Z
bus,2,84577,84667,Balti jaam,546,Z
bus,8,84947,84937,Äigrumäe,916,Z
bus,21,84995,84779,Balti jaam,964,Z
bus,66,85020,85020,Priisle,989,Z
bus,3,85200,85200,Pelguranna,1169,Z
bus,85,85261,85261,Balti jaam,1230,Z
bus,59,85379,85379,Balti jaam,1348,Z
bus,84,85430,85430,Balti jaam,1399,Z
bus,41,85594,85584,Balti jaam,1563,Z
bus,2,85933,85933,Balti jaam,1902,Z
bus,21,86039,86039,Balti jaam,2008,Z
bus,85,86341,86341,Balti jaam,2310,Z
bus,84,86630,86630,Balti jaam,2599,Z
bus,66,86700,86700,Priisle,2669,Z
bus,41,86741,86741,Balti jaam,2710,Z
bus,2,87181,87181,Balti jaam,3150,Z
bus,21,87270,87270,Balti jaam,3239,Z
bus,3,84218,84120,Pelguranna,172,Z
bus,85,84227,84187,Balti jaam,181,Z
bus,41,84336,84282,Balti jaam,290,Z
bus,84,84374,84350,Balti jaam,328,Z
bus,2,84603,84667,Balti jaam,557,Z
bus,8,84947,84937,Äigrumäe,901,Z
bus,21,84989,84779,Balti jaam,943,Z
bus,66,85020,85020,Priisle,974,Z
bus,3,85200,85200,Pelguranna,1154,Z
bus,85,85261,85261,Balti jaam,1215,Z
bus,59,85379,85379,Balti jaam,1333,Z
bus,84,85430,85430,Balti jaam,1384,Z
bus,41,85594,85584,Balti jaam,1548,Z
bus,2,85933,85933,Balti jaam,1887,Z
bus,21,86039,86039,Balti jaam,1993,Z
bus,85,86341,86341,Balti jaam,2295,Z
bus,84,86630,86630,Balti jaam,2584,Z
bus,66,86700,86700,Priisle,2654,Z
bus,41,86741,86741,Balti jaam,2695,Z
bus,2,87181,87181,Balti jaam,3135,Z
bus,21,87270,87270,Balti jaam,3224,Z
bus,85,84199,84187,Balti jaam,137,Z
bus,3,84218,84120,Pelguranna,156,Z
bus,41,84330,84282,Balti jaam,268,Z
bus,84,84370,84350,Balti jaam,308,Z
bus,2,84611,84667,Balti jaam,549,Z
bus,8,84947,84937,Äigrumäe,885,Z
bus,21,84979,84779,Balti jaam,917,Z
bus,66,85020,85020,Priisle,958,Z
bus,3,85200,85200,Pelguranna,1138,Z
bus,85,85261,85261,Balti jaam,1199,Z
bus,59,85379,85379,Balti jaam,1317,Z
bus,84,85430,85430,Balti jaam,1368,Z
bus,41,85594,85584,Balti jaam,1532,Z
bus,2,85933,85933,Balti jaam,1871,Z
bus,21,86039,86039,Balti jaam,1977,Z
bus,85,86341,86341,Balti jaam,2279,Z
bus,84,86630,86630,Balti jaam,2568,Z
bus,66,86700,86700,Priisle,2638,Z
bus,41,86741,86741,Balti jaam,2679,Z
bus,2,87181,87181,Balti jaam,3119,Z
bus,21,87270,87270,Balti jaam,3208,Z
bus,85,84199,84187,Balti jaam,122,Z
bus,3,84218,84120,Pelguranna,141,Z
bus,41,84330,84282,Balti jaam,253,Z
bus,84,84370,84350,Balti jaam,293,Z
bus,2,84611,84667,Balti jaam,534,Z
bus,8,84947,84937,Äigrumäe,870,Z
bus,21,84979,84779,Balti jaam,902,Z
bus,66,85020,85020,Priisle,943,Z
bus,3,85200,85200,Pelguranna,1123,Z
bus,85,85261,85261,Balti jaam,1184,Z
bus,59,85379,85379,Balti jaam,1302,Z
bus,84,85430,85430,Balti jaam,1353,Z
bus,41,85594,85584,Balti jaam,1517,Z
bus,2,85933,85933,Balti jaam,1856,Z
bus,21,86039,86039,Balti jaam,1962,Z
bus,85,86341,86341,Balti jaam,2264,Z
bus,84,86630,86630,Balti jaam,2553,Z
bus,66,86700,86700,Priisle,2623,Z
bus,41,86741,86741,Balti jaam,2664,Z
bus,2,87181,87181,Balti jaam,3104,Z
bus,21,87270,87270,Balti jaam,3193,Z
bus,3,84188,84120,Pelguranna,96,Z
bus,85,84197,84187,Balti jaam,105,Z
bus,41,84326,84282,Balti jaam,234,Z
bus,84,84364,84350,Balti jaam,272,Z
bus,2,84629,84667,Balti jaam,537,Z
bus,8,84947,84937,Äigrumäe,855,Z
bus,21,85003,84779,Balti jaam,911,Z
bus,66,85020,85020,Priisle,928,Z
bus,3,85200,85200,Pelguranna,1108,Z
bus,85,85261,85261,Balti jaam,1169,Z
bus,59,85379,85379,Balti jaam,1287,Z
bus,84,85430,85430,Balti jaam,1338,Z
bus,41,85594,85584,Balti jaam,1502,Z
bus,2,85933,85933,Balti jaam,1841,Z
bus,21,86039,86039,Balti jaam,1947,Z
bus,85,86341,86341,Balti jaam,2249,Z
bus,84,86630,86630,Balti jaam,2538,Z
bus,66,86700,86700,Priisle,2608,Z
bus,41,86741,86741,Balti jaam,2649,Z
bus,2,87181,87181,Balti jaam,3089,Z
bus,21,87270,87270,Balti jaam,3178,Z
bus,85,84187,84187,Balti jaam,79,Z
bus,3,84196,84120,Pelguranna,88,Z
bus,41,84316,84282,Balti jaam,208,Z
bus,84,84380,84350,Balti jaam,272,Z
bus,2,84603,84667,Balti jaam,495,Z
bus,8,84947,84937,Äigrumäe,839,Z
bus,21,85005,84779,Balti jaam,897,Z
bus,66,85020,85020,Priisle,912,Z
bus,3,85200,85200,Pelguranna,1092,Z
bus,85,85261,85261,Balti jaam,1153,Z
bus,59,85379,85379,Balti jaam,1271,Z
bus,84,85430,85430,Balti jaam,1322,Z
bus,41,85594,85584,Balti jaam,1486,Z
bus,2,85933,85933,Balti jaam,1825,Z
bus,21,86039,86039,Balti jaam,1931,Z
bus,85,86341,86341,Balti jaam,2233,Z
bus,84,86630,86630,Balti jaam,2522,Z
bus,66,86700,86700,Priisle,2592,Z
bus,41,86741,86741,Balti jaam,2633,Z
bus,2,87181,87181,Balti jaam,3073,Z
bus,21,87270,87270,Balti jaam,3162,Z
bus,85,84187,84187,Balti jaam,64,Z
bus,3,84196,84120,Pelguranna,73,Z
bus,41,84316,84282,Balti jaam,193,Z
bus,84,84380,84350,Balti jaam,257,Z
bus,2,84603,84667,Balti jaam,480,Z
bus,8,84947,84937,Äigrumäe,824,Z
bus,21,85005,84779,Balti jaam,882,Z
bus,66,85020,85020,Priisle,897,Z
bus,3,85200,85200,Pelguranna,1077,Z
bus,85,85261,85261,Balti jaam,1138,Z
bus,59,85379,85379,Balti jaam,1256,Z
bus,84,85430,85430,Balti jaam,1307,Z
bus,41,85594,85584,Balti jaam,1471,Z
bus,2,85933,85933,Balti jaam,1810,Z
bus,21,86039,86039,Balti jaam,1916,Z
bus,85,86341,86341,Balti jaam,2218,Z
bus,84,86630,86630,Balti jaam,2507,Z
bus,66,86700,86700,Priisle,2577,Z
bus,41,86741,86741,Balti jaam,2618,Z
bus,2,87181,87181,Balti jaam,3058,Z
bus,21,87270,87270,Balti jaam,3147,Z
bus,85,84169,84187,Balti jaam,31,Z
bus,3,84190,84120,Pelguranna,52,Z
bus,41,84310,84282,Balti jaam,172,Z
bus,84,84360,84350,Balti jaam,222,Z
bus,2,84621,84667,Balti jaam,483,Z
bus,8,84947,84937,Äigrumäe,809,Z
bus,66,85020,85020,Priisle,882,Z
bus,21,85021,84779,Balti jaam,883,Z
bus,3,85200,85200,Pelguranna,1062,Z
bus,85,85261,85261,Balti jaam,1123,Z
bus,59,85379,85379,Balti jaam,1241,Z
bus,84,85430,85430,Balti jaam,1292,Z
bus,41,85594,85584,Balti jaam,1456,Z
bus,2,85933,85933,Balti jaam,1795,Z
bus,21,86039,86039,Balti jaam,1901,Z
bus,85,86341,86341,Balti jaam,2203,Z
bus,84,86630,86630,Balti jaam,2492,Z
bus,66,86700,86700,Priisle,2562,Z
bus,41,86741,86741,Balti jaam,2603,Z
bus,2,87181,87181,Balti jaam,3043,Z
bus,21,87270,87270,Balti jaam,3132,Z
bus,85,84169,84187,Balti jaam,15,Z
bus,3,84190,84120,Pelguranna,36,Z
bus,41,84310,84282,Balti jaam,156,Z
bus,84,84360,84350,Balti jaam,206,Z
bus,2,84621,84667,Balti jaam,467,Z
bus,8,84947,84937,Äigrumäe,793,Z
bus,66,85020,85020,Priisle,866,Z
bus,21,85021,84779,Balti jaam,867,Z
bus,3,85200,85200,Pelguranna,1046,Z
bus,85,85261,85261,Balti jaam,1107,Z
bus,59,85379,85379,Balti jaam,1225,Z
bus,84,85430,85430,Balti jaam,1276,Z
bus,41,85594,85584,Balti jaam,1440,Z
bus,2,85933,85933,Balti jaam,1779,Z
bus,21,86039,86039,Balti jaam,1885,Z
bus,85,86341,86341,Balti jaam,2187,Z
bus,84,86630,86630,Balti jaam,2476,Z
bus,66,86700,86700,Priisle,2546,Z
bus,41,86741,86741,Balti jaam,2587,Z
bus,2,87181,87181,Balti jaam,3027,Z
bus,21,87270,87270,Balti jaam,3116,Z
bus,8,85027,84937,Äigrumäe,272,Z
bus,66,85030,85020,Priisle,275,Z
bus,21,85057,84779,Balti jaam,302,Z
bus,3,85210,85200,Pelguranna,455,Z
bus,85,85279,85261,Balti jaam,524,Z
bus,59,85389,85379,Balti jaam,634,Z
bus,84,85440,85430,Balti jaam,685,Z
bus,41,85594,85584,Balti jaam,839,Z
bus,2,85943,85933,Balti jaam,1188,Z
bus,21,86049,86039,Balti jaam,1294,Z
bus,85,86341,86341,Balti jaam,1586,Z
bus,84,86630,86630,Balti jaam,1875,Z
bus,66,86700,86700,Priisle,1945,Z
bus,41,86741,86741,Balti jaam,1986,Z
bus,2,87181,87181,Balti jaam,2426,Z
bus,21,87270,87270,Balti jaam,2515,Z
bus,41,87911,87911,Balti jaam,3156,Z
bus,8,85021,84937,Äigrumäe,251,Z
bus,21,85055,84779,Balti jaam,285,Z
bus,66,85070,85020,Priisle,300,Z
bus,3,85210,85200,Pelguranna,440,Z
bus,85,85271,85261,Balti jaam,501,Z
bus,59,85389,85379,Balti jaam,619,Z
bus,84,85440,85430,Balti jaam,670,Z
bus,41,85594,85584,Balti jaam,824,Z
bus,2,85943,85933,Balti jaam,1173,Z
bus,21,86049,86039,Balti jaam,1279,Z
bus,85,86341,86341,Balti jaam,1571,Z
bus,84,86630,86630,Balti jaam,1860,Z
bus,66,86700,86700,Priisle,1930,Z
bus,41,86741,86741,Balti jaam,1971,Z
bus,2,87181,87181,Balti jaam,2411,Z
bus,21,87270,87270,Balti jaam,2500,Z
bus,41,87911,87911,Balti jaam,3141,Z
bus,8,85017,84937,Äigrumäe,231,Z
bus,21,85067,84779,Balti jaam,281,Z
bus,66,85072,85020,Priisle,286,Z
bus,3,85210,85200,Pelguranna,424,Z
bus,85,85271,85261,Balti jaam,485,Z
bus,59,85389,85379,Balti jaam,603,Z
bus,84,85434,85430,Balti jaam,648,Z
bus,41,85594,85584,Balti jaam,808,Z
bus,2,85943,85933,Balti jaam,1157,Z
bus,21,86049,86039,Balti jaam,1263,Z
bus,85,86341,86341,Balti jaam,1555,Z
bus,84,86630,86630,Balti jaam,1844,Z
bus,66,86700,86700,Priisle,1914,Z
bus,41,86741,86741,Balti jaam,1955,Z
bus,2,87181,87181,Balti jaam,2395,Z
bus,21,87270,87270,Balti jaam,2484,Z
bus,41,87911,87911,Balti jaam,3125,Z
bus,8,85019,84937,Äigrumäe,218,Z
bus,21,85059,84779,Balti jaam,258,Z
bus,66,85080,85020,Priisle,279,Z
bus,3,85210,85200,Pelguranna,409,Z
bus,85,85271,85261,Balti jaam,470,Z
bus,59,85389,85379,Balti jaam,588,Z
bus,84,85430,85430,Balti jaam,629,Z
bus,41,85594,85584,Balti jaam,793,Z
bus,2,85943,85933,Balti jaam,1142,Z
bus,21,86049,86039,Balti jaam,1248,Z
bus,85,86341,86341,Balti jaam,1540,Z
bus,84,86630,86630,Balti jaam,1829,Z
bus,66,86700,86700,Priisle,1899,Z
bus,41,86741,86741,Balti jaam,1940,Z
bus,2,87181,87181,Balti jaam,2380,Z
bus,21,87270,87270,Balti jaam,2469,Z
bus,41,87911,87911,Balti jaam,3110,Z
bus,8,85019,84937,Äigrumäe,203,Z
bus,21,85059,84779,Balti jaam,243,Z
bus,66,85080,85020,Priisle,264,Z
bus,3,85210,85200,Pelguranna,394,Z
bus,85,85271,85261,Balti jaam,455,Z
bus,59,85389,85379,Balti jaam,573,Z
bus,84,85430,85430,Balti jaam,614,Z
bus,41,85594,85584,Balti jaam,778,Z
bus,2,85943,85933,Balti jaam,1127,Z
bus,21,86049,86039,Balti jaam,1233,Z
bus,85,86341,86341,Balti jaam,1525,Z
bus,84,86630,86630,Balti jaam,1814,Z
bus,66,86700,86700,Priisle,1884,Z
bus,41,86741,86741,Balti jaam,1925,Z
bus,2,87181,87181,Balti jaam,2365,Z
bus,21,87270,87270,Balti jaam,2454,Z
bus,41,87911,87911,Balti jaam,3095,Z
bus,8,85039,84937,Äigrumäe,207,Z
bus,21,85057,84779,Balti jaam,225,Z
bus,66,85090,85020,Priisle,258,Z
bus,3,85210,85200,Pelguranna,378,Z
bus,85,85271,85261,Balti jaam,439,Z
bus,59,85389,85379,Balti jaam,557,Z
bus,84,85440,85430,Balti jaam,608,Z
bus,41,85594,85584,Balti jaam,762,Z
bus,2,85943,85933,Balti jaam,1111,Z
bus,21,86049,86039,Balti jaam,1217,Z
bus,85,86341,86341,Balti jaam,1509,Z
bus,84,86630,86630,Balti jaam,1798,Z
bus,66,86700,86700,Priisle,1868,Z
bus,41,86741,86741,Balti jaam,1909,Z
bus,2,87181,87181,Balti jaam,2349,Z
bus,21,87270,87270,Balti jaam,2438,Z
bus,41,87911,87911,Balti jaam,3079,Z
bus,8,85039,84937,Äigrumäe,192,Z
bus,21,85051,84779,Balti jaam,204,Z
bus,66,85098,85020,Priisle,251,Z
bus,3,85210,85200,Pelguranna,363,Z
bus,85,85301,85261,Balti jaam,454,Z
bus,59,85389,85379,Balti jaam,542,Z
bus,84,85440,85430,Balti jaam,593,Z
bus,41,85594,85584,Balti jaam,747,Z
bus,2,85943,85933,Balti jaam,1096,Z
bus,21,86049,86039,Balti jaam,1202,Z
bus,85,86341,86341,Balti jaam,1494,Z
bus,84,86630,86630,Balti jaam,1783,Z
bus,66,86700,86700,Priisle,1853,Z
bus,41,86741,86741,Balti jaam,1894,Z
bus,2,87181,87181,Balti jaam,2334,Z
bus,21,87270,87270,Balti jaam,2423,Z
bus,41,87911,87911,Balti jaam,3064,Z
bus,8,85035,84937,Äigrumäe,173,Z
bus,21,85039,84779,Balti jaam,177,Z
bus,66,85106,85020,Priisle,244,Z
bus,3,85210,85200,Pelguranna,348,Z
bus,85,85287,85261,Balti jaam,425,Z
bus,59,85389,85379,Balti jaam,527,Z
bus,84,85440,85430,Balti jaam,578,Z
bus,41,85594,85584,Balti jaam,732,Z
bus,2,85943,85933,Balti jaam,1081,Z
bus,21,86049,86039,Balti jaam,1187,Z
bus,85,86341,86341,Balti jaam,1479,Z
bus,84,86630,86630,Balti jaam,1768,Z
bus,66,86700,86700,Priisle,1838,Z
bus,41,86741,86741,Balti jaam,1879,Z
bus,2,87181,87181,Balti jaam,2319,Z
bus,21,87270,87270,Balti jaam,2408,Z
bus,41,87911,87911,Balti jaam,3049,Z
bus,8,85027,84937,Äigrumäe,149,Z
bus,21,85051,84779,Balti jaam,173,Z
bus,66,85126,85020,Priisle,248,Z
bus,3,85210,85200,Pelguranna,332,Z
bus,85,85271,85261,Balti jaam,393,Z
bus,59,85389,85379,Balti jaam,511,Z
bus,84,85440,85430,Balti jaam,562,Z
bus,41,85594,85584,Balti jaam,716,Z
bus,2,85943,85933,Balti jaam,1065,Z
bus,21,86049,86039,Balti jaam,1171,Z
bus,85,86341,86341,Balti jaam,1463,Z
bus,84,86630,86630,Balti jaam,1752,Z
bus,66,86700,86700,Priisle,1822,Z
bus,41,86741,86741,Balti jaam,1863,Z
bus,2,87181,87181,Balti jaam,2303,Z
bus,21,87270,87270,Balti jaam,2392,Z
bus,41,87911,87911,Balti jaam,3033,Z
bus,8,85027,84937,Äigrumäe,134,Z
bus,21,85051,84779,Balti jaam,158,Z
bus,66,85126,85020,Priisle,233,Z
bus,3,85210,85200,Pelguranna,317,Z
bus,85,85271,85261,Balti jaam,378,Z
bus,59,85389,85379,Balti jaam,496,Z
bus,84,85440,85430,Balti jaam,547,Z
bus,41,85594,85584,Balti jaam,701,Z
bus,2,85943,85933,Balti jaam,1050,Z
bus,21,86049,86039,Balti jaam,1156,Z
bus,85,86341,86341,Balti jaam,1448,Z
bus,84,86630,86630,Balti jaam,1737,Z
bus,66,86700,86700,Priisle,1807,Z
bus,41,86741,86741,Balti jaam,1848,Z
bus,2,87181,87181,Balti jaam,2288,Z
bus,21,87270,87270,Balti jaam,2377,Z
bus,41,87911,87911,Balti jaam,3018,Z
bus,8,85031,84937,Äigrumäe,123,Z
bus,21,85059,84779,Balti jaam,151,Z
bus,66,85128,85020,Priisle,220,Z
bus,3,85210,85200,Pelguranna,302,Z
bus,85,85257,85261,Balti jaam,349,Z
bus,59,85389,85379,Balti jaam,481,Z
bus,84,85438,85430,Balti jaam,530,Z
bus,41,85594,85584,Balti jaam,686,Z
bus,2,85943,85933,Balti jaam,1035,Z
bus,21,86049,86039,Balti jaam,1141,Z
bus,85,86341,86341,Balti jaam,1433,Z
bus,84,86630,86630,Balti jaam,1722,Z
bus,66,86700,86700,Priisle,1792,Z
bus,41,86741,86741,Balti jaam,1833,Z
bus,2,87181,87181,Balti jaam,2273,Z
bus,21,87270,87270,Balti jaam,2362,Z
bus,41,87911,87911,Balti jaam,3003,Z
bus,8,85049,84937,Äigrumäe,126,Z
bus,21,85061,84779,Balti jaam,138,Z
bus,66,85114,85020,Priisle,191,Z
bus,3,85210,85200,Pelguranna,287,Z
bus,85,85233,85261,Balti jaam,310,Z
bus,59,85389,85379,Balti jaam,466,Z
bus,84,85438,85430,Balti jaam,515,Z
bus,41,85594,85584,Balti jaam,671,Z
bus,2,85943,85933,Balti jaam,1020,Z
bus,21,86049,86039,Balti jaam,1126,Z
bus,85,86341,86341,Balti jaam,1418,Z
bus,84,86630,86630,Balti jaam,1707,Z
bus,66,86700,86700,Priisle,1777,Z
bus,41,86741,86741,Balti jaam,1818,Z
bus,2,87181,87181,Balti jaam,2258,Z
bus,21,87270,87270,Balti jaam,2347,Z
bus,41,87911,87911,Balti jaam,2988,Z
bus,8,85053,84937,Äigrumäe,114,Z
bus,21,85075,84779,Balti jaam,136,Z
bus,66,85126,85020,Priisle,187,Z
bus,3,85210,85200,Pelguranna,271,Z
bus,85,85235,85261,Balti jaam,296,Z
bus,59,85389,85379,Balti jaam,450,Z
bus,84,85436,85430,Balti jaam,497,Z
bus,41,85590,85584,Balti jaam,651,Z
bus,2,85943,85933,Balti jaam,1004,Z
bus,21,86049,86039,Balti jaam,1110,Z
bus,85,86341,86341,Balti jaam,1402,Z
bus,84,86630,86630,Balti jaam,1691,Z
bus,66,86700,86700,Priisle,1761,Z
bus,41,86741,86741,Balti jaam,1802,Z
bus,2,87181,87181,Balti jaam,2242,Z
bus,21,87270,87270,Balti jaam,2331,Z
bus,41,87911,87911,Balti jaam,2972,Z
bus,8,85071,84937,Äigrumäe,117,Z
bus,21,85127,84779,Balti jaam,173,Z
bus,66,85144,85020,Priisle,190,Z
bus,85,85217,85261,Balti jaam,263,Z
bus,3,85226,85200,Pelguranna,272,Z
bus,59,85389,85379,Balti jaam,435,Z
bus,84,85436,85430,Balti jaam,482,Z
bus,41,85588,85584,Balti jaam,634,Z
bus,2,85943,85933,Balti jaam,989,Z
bus,21,86049,86039,Balti jaam,1095,Z
bus,85,86341,86341,Balti jaam,1387,Z
bus,84,86630,86630,Balti jaam,1676,Z
bus,66,86700,86700,Priisle,1746,Z
bus,41,86741,86741,Balti jaam,1787,Z
bus,2,87181,87181,Balti jaam,2227,Z
bus,21,87270,87270,Balti jaam,2316,Z
bus,41,87911,87911,Balti jaam,2957,Z
bus,8,85071,84937,Äigrumäe,102,Z
bus,21,85127,84779,Balti jaam,158,Z
bus,66,85144,85020,Priisle,175,Z
bus,85,85217,85261,Balti jaam,248,Z
bus,3,85226,85200,Pelguranna,257,Z
bus,59,85389,85379,Balti jaam,420,Z
bus,84,85436,85430,Balti jaam,467,Z
bus,41,85588,85584,Balti jaam,619,Z
bus,2,85943,85933,Balti jaam,974,Z
bus,21,86049,86039,Balti jaam,1080,Z
bus,85,86341,86341,Balti jaam,1372,Z
bus,84,86630,86630,Balti jaam,1661,Z
bus,66,86700,86700,Priisle,1731,Z
bus,41,86741,86741,Balti jaam,1772,Z
bus,2,87181,87181,Balti jaam,2212,Z
bus,21,87270,87270,Balti jaam,2301,Z
bus,41,87911,87911,Balti jaam,2942,Z
bus,2,88555,88555,Balti jaam,3586,Z
bus,8,85079,84937,Äigrumäe,94,Z
bus,21,85123,84779,Balti jaam,138,Z
bus,66,85156,85020,Priisle,171,Z
bus,85,85227,85261,Balti jaam,242,Z
bus,3,85238,85200,Pelguranna,253,Z
bus,59,85389,85379,Balti jaam,404,Z
bus,84,85438,85430,Balti jaam,453,Z
bus,41,85582,85584,Balti jaam,597,Z
bus,2,85943,85933,Balti jaam,958,Z
bus,21,86049,86039,Balti jaam,1064,Z
bus,85,86341,86341,Balti jaam,1356,Z
bus,84,86630,86630,Balti jaam,1645,Z
bus,66,86700,86700,Priisle,1715,Z
bus,41,86741,86741,Balti jaam,1756,Z
bus,2,87181,87181,Balti jaam,2196,Z
bus,21,87270,87270,Balti jaam,2285,Z
bus,41,87911,87911,Balti jaam,2926,Z
bus,2,88555,88555,Balti jaam,3570,Z
bus,8,85083,84937,Äigrumäe,83,Z
bus,21,85125,84779,Balti jaam,125,Z
bus,66,85142,85020,Priisle,142,Z
bus,3,85226,85200,Pelguranna,226,Z
bus,85,85241,85261,Balti jaam,241,Z
bus,59,85389,85379,Balti jaam,389,Z
bus,84,85426,85430,Balti jaam,426,Z
bus,41,85584,85584,Balti jaam,584,Z
bus,2,85943,85933,Balti jaam,943,Z
bus,21,86049,86039,Balti jaam,1049,Z
bus,85,86341,86341,Balti jaam,1341,Z
bus,84,86630,86630,Balti jaam,1630,Z
bus,66,86700,86700,Priisle,1700,Z
bus,41,86741,86741,Balti jaam,1741,Z
bus,2,87181,87181,Balti jaam,2181,Z
bus,21,87270,87270,Balti jaam,2270,Z
bus,41,87911,87911,Balti jaam,2911,Z
bus,2,88555,88555,Balti jaam,3555,Z
bus,8,85099,84937,Äigrumäe,84,Z
bus,21,85115,84779,Balti jaam,100,Z
bus,66,85136,85020,Priisle,121,Z
bus,3,85216,85200,Pelguranna,201,Z
bus,85,85247,85261,Balti jaam,232,Z
bus,59,85389,85379,Balti jaam,374,Z
bus,84,85406,85430,Balti jaam,391,Z
bus,41,85594,85584,Balti jaam,579,Z
bus,2,85943,85933,Balti jaam,928,Z
bus,21,86049,86039,Balti jaam,1034,Z
bus,85,86341,86341,Balti jaam,1326,Z
bus,84,86630,86630,Balti jaam,1615,Z
bus,66,86700,86700,Priisle,1685,Z
bus,41,86741,86741,Balti jaam,1726,Z
bus,2,87181,87181,Balti jaam,2166,Z
bus,21,87270,87270,Balti jaam,2255,Z
bus,41,87911,87911,Balti jaam,2896,Z
bus,2,88555,88555,Balti jaam,3540,Z
bus,21,85103,84779,Balti jaam,72,Z
bus,8,85103,84937,Äigrumäe,72,Z
bus,66,85146,85020,Priisle,115,Z
bus,3,85226,85200,Pelguranna,195,Z
bus,85,85231,85261,Balti jaam,200,Z
bus,59,85381,85379,Balti jaam,350,Z
bus,84,85398,85430,Balti jaam,367,Z
bus,41,85606,85584,Balti jaam,575,Z
bus,2,85943,85933,Balti jaam,912,Z
bus,21,86049,86039,Balti jaam,1018,Z
bus,85,86341,86341,Balti jaam,1310,Z
bus,84,86630,86630,Balti jaam,1599,Z
bus,66,86700,86700,Priisle,1669,Z
bus,41,86741,86741,Balti jaam,1710,Z
bus,2,87181,87181,Balti jaam,2150,Z
bus,21,87270,87270,Balti jaam,2239,Z
bus,41,87911,87911,Balti jaam,2880,Z
bus,2,88555,88555,Balti jaam,3524,Z
bus,8,85099,84937,Äigrumäe,53,Z
bus,21,85107,84779,Balti jaam,61,Z
bus,66,85152,85020,Priisle,106,Z
bus,85,85213,85261,Balti jaam,167,Z
bus,3,85228,85200,Pelguranna,182,Z
bus,59,85381,85379,Balti jaam,335,Z
bus,84,85394,85430,Balti jaam,348,Z
bus,41,85604,85584,Balti jaam,558,Z
bus,2,85943,85933,Balti jaam,897,Z
bus,21,86049,86039,Balti jaam,1003,Z
bus,85,86341,86341,Balti jaam,1295,Z
bus,84,86630,86630,Balti jaam,1584,Z
bus,66,86700,86700,Priisle,1654,Z
bus,41,86751,86741,Balti jaam,1705,Z
bus,2,87181,87181,Balti jaam,2135,Z
bus,21,87270,87270,Balti jaam,2224,Z
bus,41,87911,87911,Balti jaam,2865,Z
bus,2,88555,88555,Balti jaam,3509,Z
bus,8,85099,84937,Äigrumäe,38,Z
bus,21,85107,84779,Balti jaam,46,Z
bus,66,85152,85020,Priisle,91,Z
bus,85,85213,85261,Balti jaam,152,Z
bus,3,85228,85200,Pelguranna,167,Z
bus,59,85381,85379,Balti jaam,320,Z
bus,84,85394,85430,Balti jaam,333,Z
bus,41,85604,85584,Balti jaam,543,Z
bus,2,85943,85933,Balti jaam,882,Z
bus,21,86049,86039,Balti jaam,988,Z
bus,85,86341,86341,Balti jaam,1280,Z
bus,84,86630,86630,Balti jaam,1569,Z
bus,66,86700,86700,Priisle,1639,Z
bus,41,86751,86741,Balti jaam,1690,Z
bus,2,87181,87181,Balti jaam,2120,Z
bus,21,87270,87270,Balti jaam,2209,Z
bus,41,87911,87911,Balti jaam,2850,Z
bus,2,88555,88555,Balti jaam,3494,Z
bus,8,85097,84937,Äigrumäe,20,Z
bus,21,85107,84779,Balti jaam,30,Z
bus,66,85156,85020,Priisle,79,Z
bus,85,85211,85261,Balti jaam,134,Z
bus,3,85248,85200,Pelguranna,171,Z
bus,59,85375,85379,Balti jaam,298,Z
bus,84,85412,85430,Balti jaam,335,Z
bus,41,85596,85584,Balti jaam,519,Z
bus,2,85943,85933,Balti jaam,866,Z
bus,21,86049,86039,Balti jaam,972,Z
bus,85,86341,86341,Balti jaam,1264,Z
bus,84,86630,86630,Balti jaam,1553,Z
bus,66,86700,86700,Priisle,1623,Z
bus,41,86751,86741,Balti jaam,1674,Z
bus,2,87181,87181,Balti jaam,2104,Z
bus,21,87270,87270,Balti jaam,2193,Z
bus,41,87911,87911,Balti jaam,2834,Z
bus,2,88555,88555,Balti jaam,3478,Z
bus,8,85105,84937,Äigrumäe,13,Z
bus,21,85107,84779,Balti jaam,15,Z
bus,66,85164,85020,Priisle,72,Z
bus,3,85238,85200,Pelguranna,146,Z
bus,85,85257,85261,Balti jaam,165,Z
bus,59,85369,85379,Balti jaam,277,Z
bus,84,85432,85430,Balti jaam,340,Z
bus,41,85596,85584,Balti jaam,504,Z
bus,2,85943,85933,Balti jaam,851,Z
bus,21,86049,86039,Balti jaam,957,Z
bus,85,86341,86341,Balti jaam,1249,Z
bus,84,86630,86630,Balti jaam,1538,Z
bus,66,86700,86700,Priisle,1608,Z
bus,41,86737,86741,Balti jaam,1645,Z
bus,2,87181,87181,Balti jaam,2089,Z
bus,21,87270,87270,Balti jaam,2178,Z
bus,41,87911,87911,Balti jaam,2819,Z
bus,2,88555,88555,Balti jaam,3463,Z
bus,66,85164,85020,Priisle,57,Z
bus,3,85238,85200,Pelguranna,131,Z
bus,85,85257,85261,Balti jaam,150,Z
bus,59,85369,85379,Balti jaam,262,Z
bus,84,85432,85430,Balti jaam,325,Z
bus,41,85596,85584,Balti jaam,489,Z
bus,2,85943,85933,Balti jaam,836,Z
bus,21,86049,86039,Balti jaam,942,Z
bus,85,86341,86341,Balti jaam,1234,Z
bus,84,86630,86630,Balti jaam,1523,Z
bus,66,86700,86700,Priisle,1593,Z
bus,41,86737,86741,Balti jaam,1630,Z
bus,2,87181,87181,Balti jaam,2074,Z
bus,21,87270,87270,Balti jaam,2163,Z
bus,41,87911,87911,Balti jaam,2804,Z
bus,2,88555,88555,Balti jaam,3448,Z
bus,66,85164,85020,Priisle,41,Z
bus,3,85218,85200,Pelguranna,95,Z
bus,85,85237,85261,Balti jaam,114,Z
bus,59,85359,85379,Balti jaam,236,Z
bus,84,85442,85430,Balti jaam,319,Z
bus,41,85594,85584,Balti jaam,471,Z
bus,2,85943,85933,Balti jaam,820,Z
bus,21,86049,86039,Balti jaam,926,Z
bus,85,86341,86341,Balti jaam,1218,Z
bus,84,86630,86630,Balti jaam,1507,Z
bus,66,86700,86700,Priisle,1577,Z
bus,41,86733,86741,Balti jaam,1610,Z
bus,2,87181,87181,Balti jaam,2058,Z
bus,21,87270,87270,Balti jaam,2147,Z
bus,41,87911,87911,Balti jaam,2788,Z
bus,2,88555,88555,Balti jaam,3432,Z
bus,66,85164,85020,Priisle,26,Z
bus,3,85218,85200,Pelguranna,80,Z
bus,85,85237,85261,Balti jaam,99,Z
bus,59,85359,85379,Balti jaam,221,Z
bus,84,85442,85430,Balti jaam,304,Z
bus,41,85594,85584,Balti jaam,456,Z
bus,2,85943,85933,Balti jaam,805,Z
bus,21,86049,86039,Balti jaam,911,Z
bus,85,86341,86341,Balti jaam,1203,Z
bus,84,86630,86630,Balti jaam,1492,Z
bus,66,86700,86700,Priisle,1562,Z
bus,41,86733,86741,Balti jaam,1595,Z
bus,2,87181,87181,Balti jaam,2043,Z
bus,21,87270,87270,Balti jaam,2132,Z
bus,41,87911,87911,Balti jaam,2773,Z
bus,2,88555,88555,Balti jaam,3417,Z
bus,66,85174,85020,Priisle,21,Z
bus,3,85226,85200,Pelguranna,73,Z
bus,85,85231,85261,Balti jaam,78,Z
bus,59,85361,85379,Balti jaam,208,Z
bus,84,85440,85430,Balti jaam,287,Z
bus,41,85610,85584,Balti jaam,457,Z
bus,2,85943,85933,Balti jaam,790,Z
bus,21,86049,86039,Balti jaam,896,Z
bus,85,86341,86341,Balti jaam,1188,Z
bus,84,86630,86630,Balti jaam,1477,Z
bus,66,86700,86700,Priisle,1547,Z
bus,41,86735,86741,Balti jaam,1582,Z
bus,2,87181,87181,Balti jaam,2028,Z
bus,21,87270,87270,Balti jaam,2117,Z
bus,41,87911,87911,Balti jaam,2758,Z
bus,2,88555,88555,Balti jaam,3402,Z
bus,66,85188,85020,Priisle,19,Z
bus,85,85219,85261,Balti jaam,50,Z
bus,3,85220,85200,Pelguranna,51,Z
bus,59,85361,85379,Balti jaam,192,Z
bus,84,85440,85430,Balti jaam,271,Z
bus,41,85602,85584,Balti jaam,433,Z
bus,2,85943,85933,Balti jaam,774,Z
bus,21,86049,86039,Balti jaam,880,Z
bus,85,86341,86341,Balti jaam,1172,Z
bus,84,86630,86630,Balti jaam,1461,Z
bus,66,86700,86700,Priisle,1531,Z
bus,41,86741,86741,Balti jaam,1572,Z
bus,2,87181,87181,Balti jaam,2012,Z
bus,21,87270,87270,Balti jaam,2101,Z
bus,41,87911,87911,Balti jaam,2742,Z
bus,2,88555,88555,Balti jaam,3386,Z
bus,66,85202,85020,Priisle,18,Z
bus,3,85216,85200,Pelguranna,32,Z
bus,85,85219,85261,Balti jaam,35,Z
bus,59,85361,85379,Balti jaam,177,Z
bus,84,85462,85430,Balti jaam,278,Z
bus,41,85598,85584,Balti jaam,414,Z
bus,2,85943,85933,Balti jaam,759,Z
bus,21,86049,86039,Balti jaam,865,Z
bus,85,86341,86341,Balti jaam,1157,Z
bus,84,86630,86630,Balti jaam,1446,Z
bus,66,86700,86700,Priisle,1516,Z
bus,41,86751,86741,Balti jaam,1567,Z
bus,2,87181,87181,Balti jaam,1997,Z
bus,21,87270,87270,Balti jaam,2086,Z
bus,41,87911,87911,Balti jaam,2727,Z
bus,2,88555,88555,Balti jaam,3371,Z
bus,66,85202,85020,Priisle,3,Z
bus,85,85217,85261,Balti jaam,18,Z
bus,3,85234,85200,Pelguranna,35,Z
bus,59,85375,85379,Balti jaam,176,Z
bus,84,85454,85430,Balti jaam,255,Z
bus,41,85594,85584,Balti jaam,395,Z
bus,2,85943,85933,Balti jaam,744,Z
bus,21,86049,86039,Balti jaam,850,Z
bus,85,86341,86341,Balti jaam,1142,Z
bus,84,86630,86630,Balti jaam,1431,Z
bus,66,86700,86700,Priisle,1501,Z
bus,41,86751,86741,Balti jaam,1552,Z
bus,2,87181,87181,Balti jaam,1982,Z
bus,21,87270,87270,Balti jaam,2071,Z
bus,41,87911,87911,Balti jaam,2712,Z
bus,2,88555,88555,Balti jaam,3356,Z
bus,85,85217,85261,Balti jaam,2,Z
bus,3,85234,85200,Pelguranna,19,Z
bus,59,85375,85379,Balti jaam,160,Z
bus,84,85454,85430,Balti jaam,239,Z
bus,41,85594,85584,Balti jaam,379,Z
bus,2,85943,85933,Balti jaam,728,Z
bus,21,86049,86039,Balti jaam,834,Z
bus,85,86341,86341,Balti jaam,1126,Z
bus,84,86630,86630,Balti jaam,1415,Z
bus,66,86700,86700,Priisle,1485,Z
bus,41,86751,86741,Balti jaam,1536,Z
bus,2,87181,87181,Balti jaam,1966,Z
bus,21,87270,87270,Balti jaam,2055,Z
bus,41,87911,87911,Balti jaam,2696,Z
bus,2,88555,88555,Balti jaam,3340,Z
bus,59,85369,85379,Balti jaam,139,Z
bus,84,85440,85430,Balti jaam,210,Z
bus,41,85594,85584,Balti jaam,364,Z
bus,2,85943,85933,Balti jaam,713,Z
bus,21,86049,86039,Balti jaam,819,Z
bus,85,86351,86341,Balti jaam,1121,Z
bus,84,86630,86630,Balti jaam,1400,Z
bus,66,86700,86700,Priisle,1470,Z
bus,41,86751,86741,Balti jaam,1521,Z
bus,2,87181,87181,Balti jaam,1951,Z
bus,21,87270,87270,Balti jaam,2040,Z
bus,41,87911,87911,Balti jaam,2681,Z
bus,2,88555,88555,Balti jaam,3325,Z
bus,59,85387,85379,Balti jaam,142,Z
bus,84,85424,85430,Balti jaam,179,Z
bus,41,85586,85584,Balti jaam,341,Z
bus,2,85943,85933,Balti jaam,698,Z
bus,21,86049,86039,Balti jaam,804,Z
bus,85,86351,86341,Balti jaam,1106,Z
bus,84,86630,86630,Balti jaam,1385,Z
bus,66,86700,86700,Priisle,1455,Z
bus,41,86751,86741,Balti jaam,1506,Z
bus,2,87181,87181,Balti jaam,1936,Z
bus,21,87270,87270,Balti jaam,2025,Z
bus,41,87911,87911,Balti jaam,2666,Z
bus,2,88555,88555,Balti jaam,3310,Z
bus,59,85387,85379,Balti jaam,126,Z
bus,84,85424,85430,Balti jaam,163,Z
bus,41,85586,85584,Balti jaam,325,Z
bus,2,85943,85933,Balti jaam,682,Z
bus,21,86049,86039,Balti jaam,788,Z
bus,85,86351,86341,Balti jaam,1090,Z
bus,84,86630,86630,Balti jaam,1369,Z
bus,66,86700,86700,Priisle,1439,Z
bus,41,86751,86741,Balti jaam,1490,Z
bus,2,87181,87181,Balti jaam,1920,Z
bus,21,87270,87270,Balti jaam,2009,Z
bus,41,87911,87911,Balti jaam,2650,Z
bus,2,88555,88555,Balti jaam,3294,Z
bus,59,85389,85379,Balti jaam,113,Z
bus,84,85440,85430,Balti jaam,164,Z
bus,41,85584,85584,Balti jaam,308,Z
bus,2,85943,85933,Balti jaam,667,Z
bus,21,86049,86039,Balti jaam,773,Z
bus,85,86351,86341,Balti jaam,1075,Z
bus,84,86630,86630,Balti jaam,1354,Z
bus,66,86700,86700,Priisle,1424,Z
bus,41,86751,86741,Balti jaam,1475,Z
bus,2,87181,87181,Balti jaam,1905,Z
bus,21,87270,87270,Balti jaam,1994,Z
bus,41,87911,87911,Balti jaam,2635,Z
bus,2,88555,88555,Balti jaam,3279,Z
bus,59,85403,85379,Balti jaam,112,Z
bus,84,85440,85430,Balti jaam,149,Z
bus,41,85584,85584,Balti jaam,293,Z
bus,2,85943,85933,Balti jaam,652,Z
bus,21,86049,86039,Balti jaam,758,Z
bus,85,86351,86341,Balti jaam,1060,Z
bus,84,86630,86630,Balti jaam,1339,Z
bus,66,86700,86700,Priisle,1409,Z
bus,41,86751,86741,Balti jaam,1460,Z
bus,2,87181,87181,Balti jaam,1890,Z
bus,21,87270,87270,Balti jaam,1979,Z
bus,41,87911,87911,Balti jaam,2620,Z
bus,2,88555,88555,Balti jaam,3264,Z
bus,59,85401,85379,Balti jaam,95,Z
bus,84,85448,85430,Balti jaam,142,Z
bus,41,85568,85584,Balti jaam,262,Z
bus,2,85949,85933,Balti jaam,643,Z
bus,21,86049,86039,Balti jaam,743,Z
bus,85,86351,86341,Balti jaam,1045,Z
bus,84,86630,86630,Balti jaam,1324,Z
bus,66,86700,86700,Priisle,1394,Z
bus,41,86751,86741,Balti jaam,1445,Z
bus,2,87181,87181,Balti jaam,1875,Z
bus,21,87270,87270,Balti jaam,1964,Z
bus,41,87911,87911,Balti jaam,2605,Z
bus,2,88555,88555,Balti jaam,3249,Z
